{"task1": [1.1611015532036637, 1.2169686348578783, 3.8171960993534175, 2.1577367083828145, 17.53449972356085, 13.749230523405476, 0.11441551070947108, 0.9750002110024923, 2.0481280123278074, 0.4178554470186725, 7.299732493572025, 5.405127802564358, 2.0541374149458744, 6.71079347281296, 3.03653640842388, 9.498185286556286, 3.7630890450319083, 1.8641906049463526, 10.670770020027398, 5.291772589866002, 0.912245460839306, 0.20732586478679277, 12.816310409006174, 1.6373225835853016, 6.291571550369559, 20.239709319388293, 16.466083091274903, 13.474719001142073, 5.2761044442380856, 0.7250110520819842, 4.519523979103389, 4.225904366704887, 4.775521858228876, 13.912436341952132, 7.24644943484495, 9.313787360469487, 1.0596535411727601, 5.682048493486052, 4.5807379490262905, 3.3300869947532497, 5.307227776030219, 5.6272294256742645, 4.913975701062781, 4.802205375719392, 6.501355432613329, 11.47165060247919, 1.1319709719592113, 4.803995448402746, 3.272807297357087, 15.777869833110813, 4.517699029348238, 0.17814530949575066, 3.5284844379917275, 5.934930515784213, 6.125013426408485, 8.159217498552128, 5.019810939931819, 0.408248290463863, 7.4957996896270505, 4.283283920775676, 0.2637521893583148, 2.049056675010037, 6.8132996874920275, 8.405557343559956, 2.999321190171195, 5.6285099470110636, 3.655702647879198, 2.0465731207219395, 5.879747322073336, 9.329263895676059, 3.139348229106255, 0.5607987647363063, 0.6950480468569159, 10.191007784407427, 4.568082535241728, 9.192388155425117, 1.0021428596001425, 12.690431782391386, 7.765802747153207, 3.212717121212626, 4.218792040149278, 3.5777087639996634, 0.769800358919501, 0.8945002144062506, 5.085382100797452, 6.804547614641353, 6.163512150222625, 2.914609664251715, 7.816784172767301, 0.46205845409189783, 12.28312270520947, 2.0787069844672015, 19.79524821394902, 8.642489395470479, 9.065168465359845, 6.214172255980044, 6.830992648790024, 8.546023022424297, 7.3876871941035835, 0.16442642142942065], "task2": [29.62984439254618, 21.271746037577156, 39.167570695513476, 42.51326464355223, 25.824123847066794, 34.73198427198685, 21.55885231720954, 33.37216354216304, 11.67259342019464, 16.00268923632796, 43.12657326792424, 34.2199785340491, 20.88821669187017, 12.78829382523857, 27.740498610723492, 60.28458344760416, 47.81311500916767, 39.20795949308537, 44.99855363308826, 50.864464023023324, 38.83116116404722, 59.39295748440299, 25.413911491336087, 71.75945843853157, 22.967606359609242, 38.8473178400593, 49.7254044372225, 13.25572652532805, 46.97814442596343, 59.34613863761029, 30.025694421014336, 28.48730655364452, 11.630961036030865, 44.001821219964505, 50.82957069220026, 26.300703285972844, 28.636776340207483, 26.644583628994592, 17.962237685763505, 79.26970361214434, 37.71746977588836, 42.45943959519047, 31.750440692451114, 54.19201835801993, 37.1829277626772, 31.23313916174794, 10.0949389299632, 11.407907383792741, 67.02807599335742, 13.732450981215983, 46.14089935983626, 27.233694468304318, 13.353611495921013, 31.34003212071138, 23.560117002291232, 10.784098036359472, 52.59795393508531, 26.188089983639525, 24.203237376117926, 32.17096440245891, 60.34292722512908, 14.150821189505972, 21.349596112927262, 59.81487266684483, 53.61417093306552, 19.769416442436164, 57.50189702547936, 47.79943428631007, 56.56370997403236, 28.088648956083066, 41.14633980228737, 60.33677082915871, 50.780644945666296, 20.681602914200113, 58.59364732196159, 30.717947765057918, 18.290471784673635, 40.40300486527524, 38.883832737126845, 33.543949317442326, 36.07503985563128, 45.40302984828622, 14.018547893393597, 13.003710284704972, 34.480909699518236, 53.84230367340939, 38.769572339816506, 63.14959329256112, 63.49028812855116, 46.3663100485238, 30.669196636966724, 37.700906410789365, 74.2659523204043, 44.22673034873904, 47.63873057938816, 93.14152630609833, 42.01841386689153, 50.06499042492482, 28.87958412285847, 60.53936925942109], "task3": [9.191186780111268, 9.895580349666574, 21.642186838336325, 7.587524356250895, 21.440302667348732, 33.75017384002757, 16.810440021648887, 26.108607628927547, 6.496009700586723, 6.068879195577532, 16.89579419693655, 26.89631151998145, 20.840991598738803, 9.445397948105544, 12.51673883534523, 29.973533439667143, 23.436740332662595, 38.25601190193436, 34.358186368389454, 49.92136789812419, 24.421794433602035, 33.4147449012648, 23.407355074644563, 71.42060639884753, 22.57777222034086, 27.35733767842132, 21.304583711829522, 8.231274773617644, 32.529182387919654, 29.057070847299627, 10.966288544661523, 24.3312500309576, 5.919244839417545, 41.40015580985109, 35.389819746125376, 8.984544172248853, 27.042055557741254, 3.461209004419578, 10.24897791259384, 64.0508777525033, 27.506859739523154, 33.47245982998459, 13.000780214457986, 38.01752418796657, 22.639067633629878, 6.808042294916944, 7.29834011146462, 11.22674324177151, 44.93870145100003, 12.192999674366902, 35.32356598351707, 5.349808690560928, 7.572932789768449, 18.034145088067877, 7.778888769436666, 6.4548521944772705, 38.93569362873758, 25.31888057884932, 6.999716278108128, 13.41465022039752, 25.247136921417972, 2.5040432615009793, 4.73477581853226, 22.01233755525432, 42.37927245283173, 10.494013295385477, 41.83154842921196, 43.82057985030747, 47.38815006547378, 24.566519578714907, 28.89164696843785, 55.91021136227456, 49.35670686997713, 18.537181440339225, 33.16107416955152, 15.761569070282988, 16.375344353213, 13.933467547084337, 37.673525672501526, 29.42639607369707, 22.881470407232094, 22.680584242355295, 12.858636637177263, 10.481517422461748, 13.883528378259065, 52.60142559469525, 29.787415540588434, 9.729865066414048, 51.25948889882471, 44.38621915021424, 5.868204906923036, 34.12638247805233, 68.83136968613502, 17.163220262478024, 41.40626764598869, 91.63599578473274, 32.28159315635232, 35.049403188446846, 18.379677809120142, 42.320029960809016]}